<profile version="1.0">
  <option name="myName" value="PCG Static Analysis" />
  <inspection_tool class="ClangTidy" enabled="true" level="WARNING" enabled_by_default="true">
    <option name="clangTidyChecks" value="*,-altera-unroll-loops,-llvmlibc-*,llvmlibc-restrict-system-libc-headers,-misc-*,misc-unconventional-assign-operator,misc-misplaced-const,misc-new-delete-overloads,misc-non-copyable-objects,misc-no-recursion,misc-throw-by-value-catch-by-reference,misc-uniqueptr-reset-release,-modernize-use-trailing-return-type" />
  </inspection_tool>
  <inspection_tool class="Clazy" enabled="true" level="WARNING" enabled_by_default="true">
    <option name="clazyChecks" value="level2" />
  </inspection_tool>
  <inspection_tool class="CppEnforceCVQualifiersOrder" enabled="true" level="WARNING" enabled_by_default="true" />
  <inspection_tool class="CppEnforceCVQualifiersPlacement" enabled="true" level="WARNING" enabled_by_default="true" />
  <inspection_tool class="CppEnforceDoStatementBraces" enabled="true" level="WARNING" enabled_by_default="true" />
  <inspection_tool class="CppEnforceForStatementBraces" enabled="true" level="WARNING" enabled_by_default="true" />
  <inspection_tool class="CppEnforceFunctionDeclarationStyle" enabled="true" level="WARNING" enabled_by_default="true" />
  <inspection_tool class="CppEnforceIfStatementBraces" enabled="true" level="WARNING" enabled_by_default="true" />
  <inspection_tool class="CppEnforceTypeAliasCodeStyle" enabled="true" level="WARNING" enabled_by_default="true" />
  <inspection_tool class="CppEnforceWhileStatementBraces" enabled="true" level="WARNING" enabled_by_default="true" />
  <inspection_tool class="CppInconsistentNaming" enabled="true" level="HINT" enabled_by_default="true" />
  <inspection_tool class="CppLocalVariableWithNonTrivialDtorIsNeverUsed" enabled="true" level="WARNING" enabled_by_default="true" />
  <inspection_tool class="CppRemoveRedundantBraces" enabled="true" level="WARNING" enabled_by_default="true" />
  <inspection_tool class="CppTabsAreDisallowed" enabled="true" level="WARNING" enabled_by_default="true" />
  <inspection_tool class="CppUnnecessaryWhitespace" enabled="true" level="WARNING" enabled_by_default="true" />
  <inspection_tool class="Misra" enabled="true" level="WARNING" enabled_by_default="true">
    <option name="myMisraCPP2008Checks" value="clion-misra-cpp2008-*,-clion-misra-cpp2008-6-6-5" />
  </inspection_tool>
</profile>