<code_scheme name="Default" version="173">
  <RiderCodeStyleSettings>
    <option name="/Default/CodeStyle/EditorConfig/EnableClangFormatSupport/@EntryValue" value="false" type="bool" />
    <option name="/Default/CodeStyle/CodeFormatting/CppFormatting/ALIGN_MULTILINE_BINARY_EXPRESSIONS_CHAIN/@EntryValue" value="true" type="bool" />
    <option name="/Default/CodeStyle/CodeFormatting/CppFormatting/ALIGN_MULTILINE_CALLS_CHAIN/@EntryValue" value="false" type="bool" />
    <option name="/Default/CodeStyle/CodeFormatting/CppFormatting/ALIGN_MULTILINE_EXPRESSION/@EntryValue" value="false" type="bool" />
    <option name="/Default/CodeStyle/CodeFormatting/CppFormatting/ALIGN_MULTILINE_FOR_STMT/@EntryValue" value="true" type="bool" />
    <option name="/Default/CodeStyle/CodeFormatting/CppFormatting/ALIGN_MULTIPLE_DECLARATION/@EntryValue" value="false" type="bool" />
    <option name="/Default/CodeStyle/CodeFormatting/CppFormatting/ALIGN_TERNARY/@EntryValue" value="ALIGN_ALL" type="string" />
    <option name="/Default/CodeStyle/CodeFormatting/CppFormatting/BLANK_LINES_AROUND_CLASS_DEFINITION/@EntryValue" value="0" type="long" />
    <option name="/Default/CodeStyle/CodeFormatting/CppFormatting/KEEP_BLANK_LINES_IN_DECLARATIONS/@EntryValue" value="1" type="long" />
    <option name="/Default/CodeStyle/CodeFormatting/CppFormatting/KEEP_BLANK_LINES_IN_CODE/@EntryValue" value="1" type="long" />
    <option name="/Default/CodeStyle/CodeFormatting/CppFormatting/KEEP_USER_LINEBREAKS/@EntryValue" value="false" type="bool" />
    <option name="/Default/CodeStyle/CodeFormatting/CppFormatting/INDENT_CASE_FROM_SWITCH/@EntryValue" value="true" type="bool" />
    <option name="/Default/CodeStyle/CodeFormatting/CppFormatting/INDENT_COMMENT/@EntryValue" value="true" type="bool" />
    <option name="/Default/CodeStyle/CodeFormatting/CppFormatting/INT_ALIGN_EQ/@EntryValue" value="false" type="bool" />
    <option name="/Default/CodeStyle/CodeFormatting/CppFormatting/SIMPLE_BLOCK_STYLE/@EntryValue" value="ON_SINGLE_LINE" type="string" />
    <option name="/Default/CodeStyle/CodeFormatting/CppFormatting/SPACE_AFTER_COMMA_IN_TEMPLATE_ARGS/@EntryValue" value="true" type="bool" />
    <option name="/Default/CodeStyle/CodeFormatting/CppFormatting/SPACE_WITHIN_ARRAY_ACCESS_BRACKETS/@EntryValue" value="false" type="bool" />
    <option name="/Default/CodeStyle/CodeFormatting/CppFormatting/SPACE_WITHIN_EMPTY_INITIALIZER_BRACES/@EntryValue" value="true" type="bool" />
    <option name="/Default/CodeStyle/CodeFormatting/CppFormatting/SPACE_WITHIN_INITIALIZER_BRACES/@EntryValue" value="false" type="bool" />
    <option name="/Default/CodeStyle/CodeFormatting/CppFormatting/SPECIAL_ELSE_IF_TREATMENT/@EntryValue" value="true" type="bool" />
    <option name="/Default/CodeStyle/CodeFormatting/CppFormatting/WRAP_AFTER_BINARY_OPSIGN/@EntryValue" value="true" type="bool" />
    <option name="/Default/CodeStyle/CodeFormatting/CppFormatting/WRAP_BEFORE_TERNARY_OPSIGNS/@EntryValue" value="false" type="bool" />
    <option name="/Default/CodeStyle/CodeFormatting/CppFormatting/TYPE_DECLARATION_BRACES/@EntryValue" value="END_OF_LINE" type="string" />
    <option name="/Default/CodeStyle/CodeFormatting/CppFormatting/OTHER_BRACES/@EntryValue" value="END_OF_LINE" type="string" />
    <option name="/Default/CodeStyle/CodeFormatting/CppFormatting/CASE_BLOCK_BRACES/@EntryValue" value="END_OF_LINE" type="string" />
    <option name="/Default/CodeStyle/CodeFormatting/CppFormatting/BLANK_LINES_AROUND_FUNCTION_DEFINITION/@EntryValue" value="0" type="long" />
    <option name="/Default/CodeStyle/CodeFormatting/CppFormatting/PLACE_WHILE_ON_NEW_LINE/@EntryValue" value="false" type="bool" />
    <option name="/Default/CodeStyle/CodeFormatting/CppFormatting/PLACE_ELSE_ON_NEW_LINE/@EntryValue" value="false" type="bool" />
    <option name="/Default/CodeStyle/CodeFormatting/CppFormatting/PLACE_CATCH_ON_NEW_LINE/@EntryValue" value="false" type="bool" />
    <option name="/Default/CodeStyle/CodeFormatting/CppFormatting/NAMESPACE_INDENTATION/@EntryValue" value="All" type="string" />
    <option name="/Default/CodeStyle/CodeFormatting/CppFormatting/ALIGN_MULTILINE_ARGUMENT/@EntryValue" value="true" type="bool" />
    <option name="/Default/CodeStyle/CodeFormatting/CppFormatting/ALIGN_MULTILINE_EXTENDS_LIST/@EntryValue" value="true" type="bool" />
    <option name="/Default/CodeStyle/CodeFormatting/CppFormatting/ALIGN_MULTILINE_PARAMETER/@EntryValue" value="true" type="bool" />
    <option name="/Default/CodeStyle/CodeFormatting/CppFormatting/ALIGN_MULTILINE_TYPE_ARGUMENT/@EntryValue" value="false" type="bool" />
    <option name="/Default/CodeStyle/CodeFormatting/CppFormatting/ALIGN_MULTILINE_TYPE_PARAMETER/@EntryValue" value="false" type="bool" />
    <option name="/Default/CodeStyle/CodeFormatting/CppFormatting/BLANK_LINES_AROUND_DECLARATIONS/@EntryValue" value="0" type="int" />
    <option name="/Default/CodeStyle/CodeFormatting/CppFormatting/INDENT_ACCESS_SPECIFIERS_FROM_CLASS/@EntryValue" value="false" type="bool" />
    <option name="/Default/CodeStyle/CodeFormatting/CppFormatting/INDENT_CLASS_MEMBERS_FROM_ACCESS_SPECIFIERS/@EntryValue" value="true" type="bool" />
    <option name="/Default/CodeStyle/CodeFormatting/CppFormatting/LINE_BREAK_AFTER_COLON_IN_MEMBER_INITIALIZER_LISTS/@EntryValue" value="ON_SINGLE_LINE" type="string" />
    <option name="/Default/CodeStyle/CodeFormatting/CppFormatting/MEMBER_INITIALIZER_LIST_STYLE/@EntryValue" value="ON_SINGLE_LINE" type="string" />
    <option name="/Default/CodeStyle/CodeFormatting/CppFormatting/PLACE_NAMESPACE_DEFINITIONS_ON_SAME_LINE/@EntryValue" value="true" type="bool" />
    <option name="/Default/CodeStyle/CodeFormatting/CppFormatting/SPACE_AFTER_COLON_IN_BITFIELD_DECLARATOR/@EntryValue" value="true" type="bool" />
    <option name="/Default/CodeStyle/CodeFormatting/CppFormatting/SPACE_BEFORE_COLON_IN_BITFIELD_DECLARATOR/@EntryValue" value="false" type="bool" />
    <option name="/Default/CodeStyle/CodeFormatting/CppFormatting/SPACE_AFTER_PTR_IN_METHOD/@EntryValue" value="false" type="bool" />
    <option name="/Default/CodeStyle/CodeFormatting/CppFormatting/SPACE_BEFORE_PTR_IN_METHOD/@EntryValue" value="true" type="bool" />
    <option name="/Default/CodeStyle/CodeFormatting/CppFormatting/SPACE_BEFORE_TEMPLATE_ARGS/@EntryValue" value="false" type="bool" />
    <option name="/Default/CodeStyle/CodeFormatting/CppFormatting/SPACE_BEFORE_TEMPLATE_PARAMS/@EntryValue" value="false" type="bool" />
    <option name="/Default/CodeStyle/CodeFormatting/CppFormatting/SPACE_WITHIN_TEMPLATE_ARGS/@EntryValue" value="false" type="bool" />
    <option name="/Default/CodeStyle/CodeFormatting/CppFormatting/SPACE_WITHIN_EMPTY_BLOCKS/@EntryValue" value="true" type="bool" />
    <option name="/Default/CodeStyle/CodeFormatting/CppFormatting/WRAP_ARGUMENTS_STYLE/@EntryValue" value="WRAP_IF_LONG" type="string" />
    <option name="/Default/CodeStyle/CodeFormatting/CppFormatting/WRAP_PARAMETERS_STYLE/@EntryValue" value="WRAP_IF_LONG" type="string" />
    <option name="/Default/CodeStyle/CodeFormatting/CppFormatting/BREAK_TEMPLATE_DECLARATION/@EntryValue" value="ON_SINGLE_LINE" type="string" />
    <option name="/Default/CodeStyle/CodeFormatting/CppFormatting/NAMESPACE_DECLARATION_BRACES/@EntryValue" value="END_OF_LINE" type="string" />
    <option name="/Default/CodeStyle/CodeFormatting/CppFormatting/FREE_BLOCK_BRACES/@EntryValue" value="END_OF_LINE" type="string" />
    <option name="/Default/CodeStyle/CodeFormatting/CppFormatting/INVOCABLE_DECLARATION_BRACES/@EntryValue" value="END_OF_LINE" type="string" />
    <option name="/Default/CodeStyle/CodeFormatting/CppFormatting/ANONYMOUS_METHOD_DECLARATION_BRACES/@EntryValue" value="END_OF_LINE" type="string" />
    <option name="/Default/CodeStyle/CodeFormatting/CppFormatting/INITIALIZER_BRACES/@EntryValue" value="END_OF_LINE_NO_SPACE" type="string" />
    <option name="/Default/CodeStyle/CodeFormatting/CppFormatting/INDENT_STYLE/@EntryValue" value="Tab" type="string" />
    <option name="/Default/CodeStyle/CodeFormatting/CppFormatting/INDENT_SIZE/@EntryValue" value="4" type="int" />
    <option name="/Default/CodeStyle/CodeFormatting/CppFormatting/CONTINUOUS_LINE_INDENT/@EntryValue" value="Double" type="string" />
    <option name="/Default/CodeStyle/CodeFormatting/CppFormatting/TAB_WIDTH/@EntryValue" value="4" type="int" />
    <option name="/Default/CodeStyle/CppIncludeDirective/SortIncludeDirectives/@EntryValue" value="true" type="bool" />
    <option name="/Default/CodeStyle/CodeFormatting/CppCodeStyle/BracesInIfStatement/@EntryValue" value="RequiredForMultiline" type="string" />
    <option name="/Default/CodeStyle/CodeFormatting/CppCodeStyle/BracesInForStatement/@EntryValue" value="RequiredForMultiline" type="string" />
    <option name="/Default/CodeStyle/CodeFormatting/CppCodeStyle/BracesInWhileStatement/@EntryValue" value="RequiredForMultiline" type="string" />
    <option name="/Default/CodeStyle/CodeFormatting/CppCodeStyle/BracesInDoStatement/@EntryValue" value="RequiredForMultiline" type="string" />
    <option name="/Default/CodeStyle/CodeFormatting/CppClangFormat/ExecutableToUse/@EntryValue" value="Custom" type="string" />
    <option name="/Default/CodeStyle/CodeFormatting/CppFormatting/EMPTY_BLOCK_STYLE/@EntryValue" value="TOGETHER_SAME_LINE" type="string" />
    <option name="/Default/CodeStyle/CodeFormatting/CppFormatting/SIMPLE_EMBEDDED_STATEMENT_STYLE/@EntryValue" value="ON_SINGLE_LINE" type="string" />
    <option name="/Default/CodeStyle/CodeFormatting/CppFormatting/SIMPLE_CASE_STATEMENT_STYLE/@EntryValue" value="ON_SINGLE_LINE" type="string" />
    <option name="/Default/CodeStyle/CodeFormatting/CppFormatting/FUNCTION_DEFINITION_RETURN_TYPE_STYLE/@EntryValue" value="ON_SINGLE_LINE" type="string" />
    <option name="/Default/CodeStyle/CodeFormatting/CppFormatting/TOPLEVEL_FUNCTION_DEFINITION_RETURN_TYPE_STYLE/@EntryValue" value="ON_SINGLE_LINE" type="string" />
    <option name="/Default/CodeStyle/CodeFormatting/CppFormatting/FUNCTION_DECLARATION_RETURN_TYPE_STYLE/@EntryValue" value="ON_SINGLE_LINE" type="string" />
    <option name="/Default/CodeStyle/CodeFormatting/CppFormatting/TOPLEVEL_FUNCTION_DECLARATION_RETURN_TYPE_STYLE/@EntryValue" value="ON_SINGLE_LINE" type="string" />
    <option name="/Default/CodeStyle/CodeFormatting/CppFormatting/LINE_BREAK_AFTER_INIT_STATEMENT/@EntryValue" value="ON_SINGLE_LINE" type="string" />
    <option name="/Default/CodeStyle/CodeFormatting/CppFormatting/LINE_BREAK_BEFORE_REQUIRES_CLAUSE/@EntryValue" value="ON_SINGLE_LINE" type="string" />
    <option name="/Default/CodeStyle/CodeFormatting/CppFormatting/LINE_BREAK_BEFORE_DEREF_IN_TRAILING_RETURN_TYPES/@EntryValue" value="ON_SINGLE_LINE" type="string" />
    <option name="/Default/CodeStyle/CodeFormatting/CppFormatting/LINE_BREAK_AFTER_DEREF_IN_TRAILING_RETURN_TYPES/@EntryValue" value="ON_SINGLE_LINE" type="string" />
    <option name="/Default/CodeStyle/CodeFormatting/CppFormatting/WRAP_LIMIT/@EntryValue" value="140" type="long" />
    <option name="/Default/CodeStyle/CodeFormatting/CppFormatting/WRAP_BEFORE_EXPRESSION_RBRACE/@EntryValue" value="false" type="bool" />
    <option name="/Default/CodeStyle/CodeFormatting/CppFormatting/KEEP_EXISTING_ENUM_ARRANGEMENT/@EntryValue" value="false" type="bool" />
    <option name="/Default/CodeStyle/CodeFormatting/CppFormatting/PLACE_ENUM_ON_SINGLE_LINE/@EntryValue" value="true" type="bool" />
    <option name="/Default/CodeStyle/CodeFormatting/CppFormatting/WRAP_ENUMERATION_STYLE/@EntryValue" value="WRAP_IF_LONG" type="string" />
    <option name="/Default/CodeStyle/CodeFormatting/CppFormatting/MAX_ENUM_MEMBERS_ON_LINE/@EntryValue" value="7" type="long" />
    <option name="/Default/CodeStyle/CodeFormatting/CppFormatting/SPACE_BEFORE_INITIALIZER_BRACES/@EntryValue" value="true" type="bool" />
  </RiderCodeStyleSettings>
</code_scheme>