<application>
  <component name="XDebuggerSettings">
    <data-views>
      <option name="showLibraryStackFrames" value="true" />
      <option name="valueLookupDelay" value="150" />
    </data-views>
    <general />
    <debuggers>
      <debugger id="ObjectiveC">
        <configuration>
          <child-process-debugging-settings />
          <macOS-symbol-settings />
          <nt-symbol-settings />
          <register-settings>
            <entry architecture="i386:x86-64" driver="GDB">
              <register-sets>
                <register-set name="16-bits" enabled="false" />
                <register-set name="32-bits" enabled="false" />
                <register-set name="8-bits" enabled="false" />
                <register-set name="Floating Point" enabled="false" />
                <register-set name="General Purpose" enabled="false" />
                <register-set name="SSE" enabled="false" />
                <register-set name="Segment" enabled="false" />
              </register-sets>
            </entry>
          </register-settings>
          <option name="SHOW_TYPE_TEMPLATE_ARGUMENTS" value="false" />
        </configuration>
      </debugger>
      <debugger id="javascript">
        <configuration>
          <custom-object-presentation />
        </configuration>
      </debugger>
    </debuggers>
  </component>
</application>