<application>
  <component name="GeneralSettings">
    <option name="showTipsOnStartup" value="true" />
    <option name="reopenLastProject" value="false" />
    <option name="autoSyncFiles" value="false" />
    <option name="autoSaveFiles" value="false" />
    <option name="confirmExit" value="false" />
    <option name="confirmOpenNewProject2" value="-1" />
  </component>
  <component name="Registry">
    <entry key="ide.experimental.ui" value="true" source="SYSTEM" />
    <entry key="debugger.valueTooltipAutoShowOnSelection" value="true" source="SYSTEM" />
    <entry key="clang.parameter.info" value="true" source="SYSTEM" />
  </component>
  <component name="StatusBar">
    <option name="widgets">
      <map>
        <entry key="AIAssistant" value="false" />
        <entry key="ClangdMemory" value="true" />
        <entry key="CwmWireStatsWidgetFactory" value="false" />
        <entry key="Encoding" value="false" />
        <entry key="LanguageServiceStatusBarWidget" value="false" />
        <entry key="PowerSaveMode" value="true" />
        <entry key="ReadOnlyAttribute" value="false" />
        <entry key="TypeScriptInfo" value="false" />
        <entry key="VfsRefresh" value="true" />
        <entry key="webDeployment.default.server.widget" value="false" />
      </map>
    </option>
  </component>
</application>