<application>
  <component name="ProjectManager">
    <defaultProject>
      <component name="Encoding" addBOMForNewFiles="with BOM under Windows, with no BOM otherwise" />
      <component name="ProjectViewState">
        <option name="hideEmptyMiddlePackages" value="true" />
        <option name="showLibraryContents" value="true" />
      </component>
      <component name="WindowStateProjectService">
        <state x="673" y="173" key="#com.intellij.openapi.updateSettings.impl.PluginUpdateInfoDialog.ideScale=150" timestamp="1760950130818">
          <screen x="0" y="0" width="2560" height="1392" />
        </state>
        <state x="673" y="173" key="#com.intellij.openapi.updateSettings.impl.PluginUpdateInfoDialog.ideScale=150/0.0.2560.1392" timestamp="1760950130818" />
      </component>
    </defaultProject>
  </component>
</application>