<application>
  <component name="Trusted.Paths">
    <option name="TRUSTED_PROJECT_PATHS">
      <map>
        <entry key="A:\active\pcg" value="true" />
        <entry key="A:\local\repos\cuda-samples" value="true" />
        <entry key="C:\Active\CPP\pcg" value="true" />
        <entry key="C:\Active\Unity\TreeMining" value="true" />
        <entry key="C:\Active\Unity\TreeMining\.idea\.idea.TreeMining" value="true" />
        <entry key="C:\Active\Unity\YAPCG" value="true" />
        <entry key="C:\Active\Unity\YAPCG\.idea\.idea.YAPCG" value="true" />
        <entry key="C:\Other\Unity\Episode-4" value="true" />
        <entry key="C:\Other\Unity\Graphics" value="true" />
        <entry key="C:\Other\Unity\GraphicsTest-URP" value="true" />
        <entry key="C:\Other\Unity\GraphicsTest-URP\.idea\.idea.GraphicsTest-URP" value="true" />
        <entry key="C:\Other\Unity\Graphics\.idea\.idea.Graphics.dir" value="true" />
        <entry key="C:\Other\Unity\RenderingExamples" value="true" />
        <entry key="C:\Other\Unity\RenderingExamples\.idea\.idea.RenderingExamples" value="true" />
        <entry key="C:\Other\Unity\TreeMining" value="true" />
        <entry key="C:\Other\Unity\TreeMining\.idea\.idea.TreeMining" value="true" />
        <entry key="C:\Other\Unity\pushing-unity" value="true" />
        <entry key="C:\Program Files\Unity\Hub\Editor\2023.2.3f1\Editor\Data\Resources\PackageManager\BuiltInPackages\com.unity.render-pipelines.universal\ShaderLibrary" value="true" />
        <entry key="C:\Users\Joni1\AppData\Local\Temp\pcg.sln15627123216807576537" value="true" />
        <entry key="C:\Users\Joni1\Downloads\helene" value="true" />
        <entry key="C:\Users\Joni1\Downloads\vs22xpptest" value="true" />
        <entry key="C:\tools\EASTL" value="true" />
        <entry key="Z:\active\pcg" value="true" />
      </map>
    </option>
  </component>
</application>