<application>
  <component name="DimensionService">
    <location key="find.popup.0.0.3840.2160" x="992" y="128" />
    <location key="GridCell.Tab.2.left.0.0.3840.2160" x="0" y="1132" />
    <location key="GridCell.Tab.2.center.0.0.3840.2160" x="0" y="1132" />
    <location key="GridCell.Tab.2.right.0.0.3840.2160" x="0" y="1132" />
    <location key="GridCell.Tab.2.bottom.0.0.3840.2160" x="0" y="1132" />
    <location key="GridCell.Tab.-1.left.0.0.3840.2160" x="997" y="880" />
    <location key="GridCell.Tab.-1.center.0.0.3840.2160" x="997" y="880" />
    <location key="GridCell.Tab.-1.right.0.0.3840.2160" x="997" y="880" />
    <location key="GridCell.Tab.-1.bottom.0.0.3840.2160" x="997" y="880" />
    <location key="find.popup.0.0.3840.2160@144dpi" x="992" y="128" />
    <location key="find.popup.0.0.3840.2160@216dpi" x="1379" y="131" />
    <size key="GridCell.Tab.0.left.0.0.3840.2160" width="1685" height="766" />
    <size key="GridCell.Tab.0.center.0.0.3840.2160" width="1685" height="766" />
    <size key="GridCell.Tab.0.right.0.0.3840.2160" width="1685" height="766" />
    <size key="GridCell.Tab.0.bottom.0.0.3840.2160" width="1685" height="766" />
    <size key="CreateCMakeListWizard.topPanel.0.0.3840.2160" width="640" height="476" />
    <size key="CreateCMakeListWizard.bottomPanel.0.0.3840.2160" width="640" height="204" />
    <size key="GridCell.Tab.1.left.0.0.3840.2160" width="3758" height="386" />
    <size key="GridCell.Tab.1.center.0.0.3840.2160" width="3758" height="386" />
    <size key="GridCell.Tab.1.right.0.0.3840.2160" width="3758" height="386" />
    <size key="GridCell.Tab.1.bottom.0.0.3840.2160" width="3758" height="386" />
    <size key="GridCell.Tab.3.left.0.0.3840.2160" width="3758" height="383" />
    <size key="GridCell.Tab.3.center.0.0.3840.2160" width="3758" height="383" />
    <size key="GridCell.Tab.3.right.0.0.3840.2160" width="3758" height="383" />
    <size key="GridCell.Tab.3.bottom.0.0.3840.2160" width="3758" height="383" />
    <size key="GridCell.Tab.2.left.0.0.3840.2160" width="3758" height="386" />
    <size key="GridCell.Tab.2.center.0.0.3840.2160" width="3758" height="386" />
    <size key="GridCell.Tab.2.right.0.0.3840.2160" width="3758" height="386" />
    <size key="GridCell.Tab.2.bottom.0.0.3840.2160" width="3758" height="386" />
    <size key="find.popup.0.0.3840.2160" width="1340" height="1685" />
    <size key="GridCell.Tab.0.left.0.0.1920.1080" width="1441" height="1581" />
    <size key="GridCell.Tab.0.center.0.0.1920.1080" width="1441" height="1581" />
    <size key="GridCell.Tab.0.right.0.0.1920.1080" width="1441" height="1581" />
    <size key="GridCell.Tab.0.bottom.0.0.1920.1080" width="1441" height="1581" />
    <size key="GridCell.Tab.-1.left.0.0.3840.2160" width="3758" height="386" />
    <size key="GridCell.Tab.-1.center.0.0.3840.2160" width="3758" height="386" />
    <size key="GridCell.Tab.-1.right.0.0.3840.2160" width="3758" height="386" />
    <size key="GridCell.Tab.-1.bottom.0.0.3840.2160" width="3758" height="386" />
    <size key="GridCell.Tab.0.left.0.0.2560.1440" width="381" height="480" />
    <size key="GridCell.Tab.0.center.0.0.2560.1440" width="381" height="480" />
    <size key="GridCell.Tab.0.right.0.0.2560.1440" width="381" height="480" />
    <size key="GridCell.Tab.0.bottom.0.0.2560.1440" width="381" height="480" />
    <size key="GridCell.Tab.1.left.0.0.1920.1080" width="1721" height="768" />
    <size key="GridCell.Tab.1.center.0.0.1920.1080" width="1721" height="768" />
    <size key="GridCell.Tab.1.right.0.0.1920.1080" width="1721" height="768" />
    <size key="GridCell.Tab.1.bottom.0.0.1920.1080" width="1721" height="768" />
    <size key="GridCell.Tab.0.left.0.0.3840.2160@120dpi" width="1080" height="747" />
    <size key="GridCell.Tab.0.center.0.0.3840.2160@120dpi" width="1080" height="747" />
    <size key="GridCell.Tab.0.right.0.0.3840.2160@120dpi" width="1080" height="747" />
    <size key="GridCell.Tab.0.bottom.0.0.3840.2160@120dpi" width="1080" height="747" />
    <size key="find.popup.0.0.3840.2160@144dpi" width="1340" height="1685" />
    <size key="GridCell.Tab.0.left.0.0.3840.2160@144dpi" width="1080" height="1516" />
    <size key="GridCell.Tab.0.center.0.0.3840.2160@144dpi" width="1080" height="1516" />
    <size key="GridCell.Tab.0.right.0.0.3840.2160@144dpi" width="1080" height="1516" />
    <size key="GridCell.Tab.0.bottom.0.0.3840.2160@144dpi" width="1080" height="1516" />
    <size key="find.popup.0.0.3840.2160@216dpi" width="1398" height="1958" />
  </component>
  <component name="WindowManager">
    <frame x="-12" y="-12" width="3855" height="2103" extendedState="6" />
  </component>
  <component name="WindowStateApplicationService">
    <state x="955" y="249" key="FileChooserDialogImpl.ideScale=150" timestamp="1764874072615">
      <screen x="0" y="0" width="2560" height="1392" />
    </state>
    <state x="955" y="249" key="FileChooserDialogImpl.ideScale=150/0.0.2560.1392" timestamp="1764874072615" />
    <state width="751" height="203" key="ShowUsagesActions.dimensionServiceKey.ideScale=150" timestamp="1765229451050">
      <screen x="0" y="0" width="2560" height="1392" />
    </state>
    <state width="751" height="203" key="ShowUsagesActions.dimensionServiceKey.ideScale=150/0.0.2560.1392" timestamp="1765229451050" />
    <state x="1280" y="626" width="1200" height="975" key="WELCOME_SCREEN.ideScale=150" timestamp="1765223824300">
      <screen x="0" y="0" width="2560" height="1392" />
    </state>
    <state x="1280" y="626" width="1200" height="975" key="WELCOME_SCREEN.ideScale=150/0.0.2560.1392" timestamp="1765223824300" />
  </component>
</application>